code_commune;population_2022;population_2016;nb_logements_2022;nb_logements_2016;nb_residences_principales_2022;nb_residences_principales_2016;nb_logements_vacants_2022;nb_logements_vacants_2016;superficie_km2;densite_2022;densite_2016
69001;397;358;181.394436308723;162.98719253166;153.300141059776;135.076517150396;12.4863534439763;13.4384733317195;10.65;37.28;33.62
69002;239;251;196.061188289152;198.32837398374;118.394521622485;120.39837398374;35.5582329317269;24.9376;12.95;18.46;19.38
69003;3013;2833;1247.25605227444;1128.91061946902;1124.66488647712;980.999999999994;99.094525686167;128.792920353982;2.57;1172.37;1102.33
69004;772;758;302.585473923791;292.560510790251;269.776913693573;255.398230088497;27.3404668585144;26.2321981424149;3.61;213.85;209.97
69005;629;571;249.393149593492;219.62185564404;231.374650068326;207.547781569966;16.8560156848328;12.0740740740741;4.55;138.24;125.49
69006;4858;5024;2688.13374896263;2724.17117146588;2264.68262986978;2250.88570391098;335.565037771697;384.146500571464;38.44;126.38;130.7
69007;2760;2712;1320.79888000305;1241.35801200026;1197.44060442492;1127.4226487524;109.317496244033;89.4533843681571;15.57;177.26;174.18
69008;674;628;307.625309768355;285.974893927668;259.488995417628;238.505359877489;32.9822894625356;23.7347670250896;11.84;56.93;53.04
69009;8139;7094;3422.0;2915.0;3243.0;2703.0;130.0;155.0;15.23;534.41;465.79
69010;6469;6421;3355.0;3092.0;2910.0;2711.0;389.0;340.0;3.36;1925.3;1911.01
69012;616;627;300.367556150725;291.716210906804;256.298026498373;254.464285714285;28.2320424335379;13.1477383032421;23.1;26.67;27.14
69013;4408;3686;1871.49438227357;1512.10308256975;1742.78962502106;1421.99012345679;104.630486111752;77.4971448371448;17.52;251.6;210.39
69014;1108;1136;471.0;463.0;420.0;393.0;23.0;28.0;16.64;66.59;68.27
69016;122;121;86.0;85.0;53.0;47.0;6.0;15.0;4.18;29.19;28.95
69017;758;705;358.581093614453;333.82232013121;311.399079184969;279.615487259557;21.4463701952196;23.5237199254342;7.35;103.13;95.92
69018;2103;2122;1250.81753855037;1192.89907497833;973.662301864443;938.550968612494;196.155642865745;181.956722246327;17.85;117.82;118.88
69019;13767;12776;6346.56801739466;5765.15345129068;5864.54190368823;5336.01702664355;399.027923652773;371.300524057994;22.86;602.23;558.88
69020;717;635;290.0;251.0;275.0;238.0;8.0;9.0;1.51;474.83;420.53
69021;2351;2266;1148.90864179019;1033.57789855072;998.209224507732;897.999999999999;87.7359621165014;78.9184782608696;14.01;167.81;161.74
69022;543;574;266.805687221042;258.146067415481;228.256950758948;218.999999999751;18.259927797834;15.0561797752809;5.23;103.82;109.75
69023;1692;1583;740.152545992945;688.101363838424;653.894942413527;590.489511986572;44.7261648189577;63.040987654321;11.0;153.82;143.91
69024;4143;3966;2019.84170063749;1813.85430623415;1805.1724758135;1585.85430623415;115.51248764338;118.366858237548;18.1;228.9;219.12
69026;528;524;218.0;211.0;194.0;186.0;14.0;13.0;5.63;93.78;93.07
69027;12330;11265;5814.28018488729;5062.97466031834;5499.47647781157;4717.12741493263;231.885208784923;296.62804309058;10.36;1190.15;1087.36
69028;6718;6067;2850.70298999891;2501.47204616799;2685.1179896903;2352.44289422453;123.940868494469;111.021717219627;11.27;596.1;538.33
69029;42850;41060;19938.211638656;18941.2887645632;18398.5314194419;17497.4887093253;1228.02438287125;1195.64309276413;10.3;4160.19;3986.41
69030;823;818;403.07571134316;396.347487936419;334.84199846847;326.998769987701;38.8226297390475;32.2994028802248;12.25;67.18;66.78
69031;1378;1373;586.704986823708;571.42;524.401453114854;511.0;41.2007239042422;33.92;6.74;204.45;203.71
69032;2144;2021;961.415546912592;876.136334317358;841.374551551752;765.720984430225;83.4183188100756;70.5173663144716;12.59;170.29;160.52
69033;2951;2642;1168.60823546414;1028.38244514101;1101.81073323399;985.999999999949;56.5209634255129;36.025078369906;8.69;339.59;304.03
69034;43479;42915;23277.0727696615;21797.8207375019;21131.7266424393;19679.5798235131;1674.37515620201;1620.76527796791;10.45;4160.67;4106.7
69035;393;399;242.727228389497;242.09225413403;167.393895056163;167.425587467363;26.4684684684685;30.4561403508772;26.48;14.84;15.07
69036;1135;1123;498.47882036381;490.043222003929;451.956862614378;430.0;37.4198355810651;49.8664047151277;4.94;229.76;227.33
69037;819;833;438.081406819096;449.927272727276;365.91889799466;347.000000000003;30.0677120101816;61.5545454545455;14.14;57.92;58.91
69038;923;939;509.80714075564;515.455080789576;402.146962724725;393.42017319204;49.0333484101193;56.0700926799489;15.44;59.78;60.82
69039;703;669;367.157518112878;341.314575117134;300.243463981444;279.567448680352;35.4847256757604;29.9655172413793;14.43;48.72;46.36
69040;6124;5603;3164.34688418211;2802.31797213785;2862.72865474644;2571.94608740265;244.036567452496;185.277813680652;2.59;2364.48;2163.32
69042;566;578;240.22725552511;237.386225266363;218.910009148298;216.750000000001;15.7074446987033;13.1321433513214;6.58;86.02;87.84
69043;9217;8577;4032.7918955889;3615.61948158225;3712.85513954923;3384.79611201703;257.576201896347;167.018535701661;16.32;564.77;525.55
69044;5272;5016;2677.123402838;2244.15004336516;2373.25295463308;2108.00000000003;255.670308144825;103.636600173461;4.13;1276.51;1214.53
69045;1269;1240;584.01526343714;546.909620452714;523.915596233705;486.406888212277;35.4158753163101;37.9270858820651;13.78;92.09;89.99
69046;4670;4529;1979.41279260264;1800.33783783765;1883.8050648719;1718.99999999981;74.5950403173861;69.8671171171171;5.09;917.49;889.78
69047;1031;1062;488.673541929358;476.150189004659;417.175770386272;399.697251991212;28.1657887897006;34.4970569450917;7.06;146.03;150.42
69049;2901;2775;1281.5596674585;1173.18384476534;1173.59311564313;1081.025;85.1736130987958;60.6308189245677;12.78;227.0;217.14
69050;2184;2158;1017.13172138403;996.138247301881;907.11199386387;904.686292364837;77.1272316636177;64.9790206131631;10.71;203.92;201.49
69051;1215;1117;506.079491640519;473.511982570807;464.58100783709;426.000000000001;23.2796372555821;32.3485838779956;7.89;153.99;141.57
69052;4270;4130;1887.49381397541;1794.77023945271;1792.22626336902;1679.00000000003;59.6730811490542;88.1083238312429;5.94;718.86;695.29
69053;534;551;285.004996774922;291.494983274473;223.004996774922;216.999999996881;25.0;47.314381270903;8.18;65.28;67.36
69054;365;327;247.971837137879;249.999999999999;164.335821812209;159.999999999999;19.1455938697318;20.0;11.02;33.12;29.67
69055;1504;1451;665.521931875904;613.539648461815;612.301154400691;569.215416379904;39.6736704815224;34.8935444049089;5.46;275.46;265.75
69056;2058;2056;861.0;819.0;806.0;770.0;40.0;38.0;4.55;452.31;451.87
69057;586;545;275.985192061449;265.277372262772;237.985192061449;226.999999999998;17.0;19.1386861313869;8.82;66.44;61.79
69058;416;401;240.972410365892;231.281502497143;186.565433621706;177.424552429667;27.7167617376042;28.3457631934086;7.32;56.83;54.78
69059;1633;1520;707.016963646577;654.511722112055;648.324325868774;599.971711513221;42.9713955158916;40.4651691539737;5.02;325.3;302.79
69060;557;664;384.662749244422;376.85254691553;258.074627520277;269.99999999864;52.6606586372442;32.2573726541555;28.33;19.66;23.44
69061;1198;1170;584.456400452897;573.847826086959;506.456400452897;470.000000000002;40.5194805194808;65.1594202898551;5.83;205.49;200.69
69062;794;765;341.439910530756;320.225705329154;315.638529611778;296.0;13.416718077869;11.1034482758621;9.03;87.93;84.72
69063;4604;4054;2088.65328812202;1903.41430859584;1893.62850222802;1687.0;165.100347846771;185.789642285104;3.78;1217.99;1072.49
69064;3945;3877;2089.47322228916;1932.54861821906;1795.19092858171;1681.00000000002;253.551180391535;196.995905834186;9.21;428.34;420.96
69065;993;927;443.523941286688;410.776691227202;403.661464197856;368.038064262769;33.2187309073602;32.5185205164167;9.3;106.77;99.68
69066;4329;4519;2743.23318862817;2785.83333333333;2043.39698188645;2102.83333333333;534.114992985283;541.210312075984;33.81;128.04;133.66
69067;1178;1094;600.164856033866;577.508943572086;512.806689604073;462.698774080561;45.3808656778143;77.8157815442561;27.04;43.57;40.46
69068;2541;2559;1158.40456971074;1146.05222816462;1030.51909223661;1043.41443288903;106.024712093932;89.5186785862294;3.11;817.04;822.83
69069;12170;11158;5902.27345203133;5081.9038131377;5558.72342258099;4761.45395758673;293.289528373979;271.234007428807;4.62;2634.2;2415.15
69070;1357;1268;704.0;650.0;595.0;525.0;49.0;58.0;15.56;87.21;81.49
69071;1186;1170;500.882143945294;487.211618257262;472.550238355309;453.000000000001;21.2489291924886;24.149377593361;3.03;391.42;386.14
69072;8980;8617;4006.39852891834;3586.32272069472;3506.63499138304;3263.00000000007;293.675480819708;220.584659913169;13.99;641.89;615.94
69074;1574;1467;716.370252001748;635.375558867097;648.20112448497;571.999999999735;39.6805369127516;38.2265275707899;9.53;165.16;153.93
69075;196;194;87.8830913828401;82.8412935773938;70.9145728643216;66.3968491329494;6.36319444444444;7.30864197530864;9.05;21.66;21.44
69076;2607;2580;1110.13270550661;1069.82467606161;1069.80602914753;1018.4588943507;25.1215360925393;37.1959108941105;7.22;361.08;357.34
69077;1178;957;456.0;381.0;433.0;347.0;16.0;24.0;14.87;79.22;64.36
69078;842;823;374.0;366.0;335.0;313.0;26.0;36.0;11.41;73.79;72.13
69080;1940;1771;775.0;697.0;737.0;643.0;30.0;42.0;20.95;92.6;84.53
69081;18019;18097;9126.33689528615;8239.6897823113;8023.66546262822;7362.7016689269;818.002729535468;698.465369669904;8.45;2132.43;2141.66
69082;278;251;155.096138672222;137.891791044776;122.853472005555;109.578358208955;15.5654252873564;12.8697421981004;3.01;92.36;83.39
69083;1169;1186;475.179605119263;465.060728744938;447.476623517552;434.999999999999;11.2863999118079;17.0344129554656;3.32;352.11;357.23
69084;1351;1256;765.761421154594;714.462796635978;612.101950480931;571.356862745098;85.5040602942157;85.1611999227937;13.94;96.92;90.1
69085;1549;1435;666.221256546314;615.00427087413;620.738375228622;564.590163934426;38.8268499053468;31.782806548944;2.91;532.3;493.13
69086;2299;2356;1018.10046621448;946.959247648907;940.49348659796;892.000000000004;56.9117850521116;37.6572622779519;9.51;241.75;247.74
69087;3070;3070;1254.76108132692;1157.52838286178;1145.43743460327;1090.42596029202;95.6581908831909;57.6513771374028;2.74;1120.44;1120.44
69088;7005;7001;3547.24115894435;3420.57189058751;3307.87898542966;3116.9999999671;210.196194388956;260.497500735078;2.32;3019.4;3017.67
69089;15664;14278;6634.30088195192;6014.11407436741;6292.57232460149;5685.72468955204;267.475574921817;265.238746185194;8.18;1914.91;1745.48
69090;905;818;374.0;341.0;343.0;309.0;15.0;20.0;3.42;264.62;239.18
69091;20943;19312;9261.34787161884;8584.33787142784;8385.70474383248;7800.37977528547;787.393159062713;714.817419185914;17.34;1207.79;1113.73
69092;7824;7473;3684.83792150028;3426.58413401255;3341.84296932818;3144.42810564376;309.532030008973;252.258700859518;10.46;747.99;714.44
69093;1212;1163;675.802963144156;648.925882003338;511.369114412341;480.811989023465;106.829634207931;89.72370692746;15.22;79.63;76.41
69094;6284;5629;2874.52036681314;2538.76741659938;2678.91466391395;2361.53696392448;151.827283678896;147.191392899491;7.45;843.49;755.57
69095;831;809;393.691999501357;374.209634407412;342.337150585046;323.205846528624;32.5905771968894;30.6022727272727;11.49;72.32;70.41
69096;9941;9615;4256.87655157857;4173.03615936832;4016.52702828091;3882.41299940757;207.902337652476;276.000611031903;5.75;1728.87;1672.17
69097;739;791;314.084264606305;326.528990893262;300.363946316448;300.280543688293;1.96004546997948;9.72164711295146;15.97;46.27;49.53
69098;481;493;222.0;217.0;205.0;185.0;9.0;20.0;3.09;155.66;159.55
69099;1425;1450;707.0;679.0;590.0;564.0;67.0;73.0;20.29;70.23;71.46
69100;8909;8609;3846.14574587685;3598.67595914981;3588.18197307051;3412.99999999993;211.245924187871;153.384487993376;8.84;1007.81;973.87
69102;753;683;329.839876230982;329.397553516822;304.624976517515;264.000000000002;14.1203438395415;51.3119266055046;25.18;29.9;27.12
69103;883;915;498.0;497.0;409.0;391.0;47.0;72.0;7.56;116.8;121.03
69104;496;439;280.0;283.0;223.0;191.0;25.0;55.0;9.88;50.2;44.43
69105;1029;948;484.494542119194;395.873134328348;440.9418058557;355.99999999999;26.5565465021305;23.5149253731343;3.36;306.25;282.14
69106;1334;1086;526.470916394379;448.712962962964;494.120251076308;410.000000000001;21.1952634842539;29.2962962962963;3.53;377.9;307.65
69107;1051;1048;556.258205803123;551.095062950094;461.597890986199;438.822172465354;37.4238453927373;60.6880489106701;15.61;67.33;67.14
69108;1082;1020;507.623783582477;469.987777411682;442.505940599579;402.605288932419;39.9109360217762;38.0857543578441;6.6;163.94;154.55
69109;851;887;432.140320373011;404.301339285713;363.135500713035;358.999999999999;41.6058471479264;13.0870535714286;7.4;115.0;119.86
69110;1820;1857;931.0;871.0;773.0;726.0;101.0;82.0;33.61;54.15;55.25
69111;699;664;297.75552227615;286.408450704222;257.851470368468;256.999999999997;27.6258820899338;15.2112676056338;3.97;176.07;167.25
69112;6541;5450;2897.39051789976;2265.79422382648;2760.82794326562;2121.99999999977;106.785772646246;106.788357400722;18.39;355.68;296.36
69113;907;932;398.063049346024;372.999999999247;346.120632638066;316.999999999247;30.5543627693868;34.0;14.64;61.95;63.66
69114;4079;3686;1724.70403855998;1502.1959280303;1587.2392621616;1384.5803030303;92.5596161082473;62.5001994680851;13.33;306.0;276.52
69115;4749;4754;2126.0;2006.0;1975.0;1887.0;129.0;105.0;5.52;860.33;861.23
69116;3933;3675;1854.0;1625.0;1584.0;1458.0;224.0;113.0;8.39;468.77;438.02
69117;3193;3116;1439.71197802024;1323.8455821635;1249.11529448173;1173.0;73.5454594088844;38.4706853839802;5.66;564.13;550.53
69118;2736;2559;1209.0;1132.0;1140.0;1036.0;57.0;81.0;16.6;164.82;154.16
69119;951;961;432.779710532864;418.267858314265;366.63075402309;352.807540853948;46.8131076838405;46.8969438521677;24.06;39.53;39.94
69120;592;597;306.314574034851;302.469696969698;239.801262000772;236.18686868687;33.2566560170394;35.9031986531987;11.92;49.66;50.08
69121;3182;2639;1487.0;1194.0;1422.0;1119.0;52.0;57.0;5.5;578.55;479.82
69122;2068;1820;900.134303422171;749.730117340288;817.234502007506;693.000000000001;60.5806241107164;27.3520208604954;6.27;329.82;290.27
69123;520774;515695;318612.386117437;299288.617738858;271602.389849654;262084.630658176;28461.0613889933;24458.3144563153;47.87;10878.92;10772.82
69124;452;455;282.310414611707;279.890637140637;213.693709890242;207.80303030303;26.8500148910083;35.5058362035974;17.74;25.48;25.65
69125;1004;870;453.349990611814;404.846244725738;417.387226191895;368.88;27.97103899327;27.5035989079176;4.18;240.19;208.13
69126;879;709;385.0;306.0;352.0;273.0;19.0;15.0;3.33;263.96;212.91
69127;3711;3736;1602.13553686566;1733.95634094725;1383.44174131564;1572.99999999091;74.2733645264211;37.6923076923077;5.37;691.06;695.72
69130;226;239;145.0;146.0;96.0;98.0;21.0;8.0;9.19;24.59;26.01
69131;3565;3371;1570.67316324437;1411.07730147575;1456.50379437352;1336.99999999999;82.1592654491182;52.767392832045;11.1;321.17;303.69
69132;855;852;387.146940069232;377.462921134696;332.280691375397;327.97235509696;33.2795278962605;26.2008879023307;14.65;58.36;58.16
69133;4323;4341;2003.81747266873;1834.88453159039;1844.08011163347;1717.99999999998;146.42591428232;89.6786492374728;9.22;468.87;470.82
69134;243;201;119.574977164198;106.250448671931;96.3436123348018;80.8040201005025;10.5597112860892;11.1964285714286;2.03;119.7;99.01
69135;1923;1904;1271.14568885486;1241.79790251391;846.432960487728;830.070659809764;176.963636819636;191.964544259362;83.6;23.0;22.78
69136;3212;2892;1321.02679104775;1219.71059193041;1235.5940141487;1091.99999977028;71.1939807492039;118.515429524604;8.3;386.99;348.43
69137;530;491;215.583884136053;196.300803247277;184.335955374563;168.539089726527;16.1279632317368;16.1197046249514;4.24;125.0;115.8
69138;447;457;230.0;228.0;182.0;177.0;16.0;18.0;10.99;40.67;41.58
69139;1393;1392;741.0;728.0;626.0;603.0;77.0;77.0;23.1;60.3;60.26
69140;2267;1975;985.0;835.0;914.0;759.0;55.0;48.0;9.25;245.08;213.51
69141;6261;5725;2898.89969396542;2558.96235482574;2718.93327433684;2368.99999999995;142.34632061018;154.668802563076;15.76;397.27;363.26
69142;6554;6320;3720.85342421666;3462.53605015675;3213.37467820179;2922.00000000001;441.285866099892;494.404958677686;1.82;3601.1;3472.53
69143;7807;7435;4275.0;3764.0;3803.0;3431.0;423.0;304.0;5.47;1427.24;1359.23
69145;943;930;452.881504509582;424.325678469291;377.384188402013;371.999999972423;52.0319340741354;31.1941544885177;9.02;104.55;103.1
69148;2633;2408;1161.12160552024;1029.47986984737;1065.1694903876;947.824065366721;73.4327411729371;62.8843551747548;10.42;252.69;231.09
69149;37928;37005;19574.9425150741;18573.0148613329;17853.8858437911;16831.688470807;1400.80171407707;1424.42323176806;8.88;4271.17;4167.23
69151;1496;1566;680.606436678674;664.326560179754;601.128764148227;588.999999947534;46.871447902571;40.1741654571843;14.58;102.61;107.41
69153;1394;1297;459.777131419629;428.910344827587;422.385182267087;390.000000000001;23.2436440677965;22.9471264367816;6.21;224.48;208.86
69154;2966;2512;1204.38002125924;971.967743463448;1107.28837249697;889.830804453091;72.342797116985;42.4846236260466;15.8;187.72;158.99
69155;1133;1145;488.0;470.0;449.0;433.0;23.0;21.0;13.1;86.49;87.4
69156;2629;2605;1159.0;1084.0;1068.0;996.0;50.0;44.0;7.76;338.79;335.7
69157;5283;5095;2436.0;2275.04297991765;2223.0;2037.99999997495;160.0;165.63323782235;23.87;221.32;213.45
69160;1027;1099;659.141637921621;628.541916165144;453.85003052475;446.999999997479;77.1095305832151;58.1736526946108;31.23;32.89;35.19
69161;477;450;364.099435360679;368.393442622837;248.089664471191;223.999999999886;32.0026954177898;49.1338797814208;16.0;29.81;28.12
69162;1382;1322;750.651499950449;712.20005016303;606.611779508097;574.955605718586;68.4944125180416;67.1621749408983;22.05;62.68;59.95
69163;3620;3453;1514.04382305784;1413.01911166101;1417.27338652895;1333.5724137931;75.8768195510605;64.8544472391141;17.72;204.29;194.86
69164;311;317;292.0777190828;288.115987460815;146.224465300849;140.115987460815;34.4375738096273;40.0;15.14;20.54;20.94
69165;1159;1114;550.0;538.0;474.0;434.0;47.0;67.0;11.72;98.89;95.05
69166;307;316;146.308298954598;144.731033676805;112.308298954598;107.397700343472;13.3939393939394;13.4814814814815;0.42;730.95;752.38
69167;588;578;260.0;253.0;239.0;220.0;17.0;25.0;16.3;36.07;35.46
69168;1546;1518;648.987302916509;614.548123980427;595.500319761838;572.000000000003;46.4226646248086;30.3915171288744;1.29;1198.45;1176.74
69169;650;631;364.179233541873;355.211189624055;275.664727413538;263.81903276131;24.9656299336328;40.2911659287371;22.92;28.36;27.53
69170;1167;1176;522.638292440357;508.262671036395;482.612167642762;464.530120481927;18.901225598864;25.1229545738435;12.67;92.11;92.82
69171;2568;2299;1240.0;1126.0;1146.0;986.0;78.0;110.0;3.68;697.83;624.73
69172;789;809;388.960593123483;379.063009730579;326.536698520929;326.530401034927;41.3099302516899;22.6433658170915;4.35;181.38;185.98
69173;979;995;472.780412223363;459.711670413081;439.369118178126;389.999999932532;14.1744883828282;51.2585812356979;9.99;98.0;99.6
69174;621;628;279.68719374696;275.486970721567;248.948347298077;234.770737759981;12.2955385795534;18.8684982017106;12.55;49.48;50.04
69175;1970;2017;947.439119238593;903.664429530177;859.53795974558;808.999999999976;55.1937513095663;55.9843400447427;21.42;91.97;94.16
69176;4652;4473;1952.79600553136;1833.52744977335;1786.85711293518;1686.97604790419;150.6801438517;129.038970199259;14.2;327.61;315.0
69177;2098;2013;902.389261303529;854.293961856761;833.29566082506;781.538989700834;41.6755050505051;50.9284805091488;9.96;210.64;202.11
69178;767;808;379.0;362.0;332.0;322.0;28.0;21.0;5.09;150.69;158.74
69179;4198;3973;1753.82576366202;1620.79708152762;1665.01594712332;1538.35192307692;73.8523737532317;63.2139006835128;24.85;168.93;159.88
69180;274;284;135.409048250089;128.597883597884;119.07434495497;109.0;3.26694065902372;5.15733778891674;4.77;57.44;59.54
69181;235;207;126.758701948589;113.855659950529;84.6219019485892;71.4696950382482;15.1260307692307;19.7144022847817;5.73;41.01;36.13
69182;372;356;274.0;268.0;187.0;167.0;27.0;39.0;21.2;17.55;16.79
69183;311;310;231.444264869096;231.930879775674;141.444264869096;137.88643533123;26.1627906976744;31.6888888888889;15.65;19.87;19.81
69184;981;988;489.196385251209;464.000000000003;428.826775394946;399.000000000003;41.252566735113;40.0;13.76;71.29;71.8
69186;205;227;147.738132135549;148.370643672686;82.1332832923239;91.0052590573017;20.8742700864808;14.0897435897436;8.96;22.88;25.33
69187;669;638;334.774445112905;315.737071441582;283.266212019898;266.908242612753;37.587089013816;35.1224909119646;12.42;53.86;51.37
69188;904;903;397.45722682961;378.695652171021;335.428311166959;309.999999997108;38.6409638554215;32.3273657289003;14.51;62.3;62.23
69189;1994;1932;1252.96593337634;1174.66505235424;1074.88552966658;994.501690692294;141.520850630278;142.5020939699;1.6;1246.25;1207.5
69190;2109;1923;915.560392300629;801.984531247069;862.169335320327;760.941717791411;42.5151009287586;25.9658615739874;5.81;362.99;330.98
69191;6113;5545;2957.41385676639;2392.1463295348;2464.93420612221;2111.34189287397;327.183712538694;223.180073437271;7.29;838.55;760.63
69192;156;141;68.264015465341;64.3785714285715;59.1372549019608;53.3785714285715;3.04225352112675;6.0;6.28;24.84;22.45
69193;1273;1324;547.293218888038;515.744376278119;497.071181813297;487.0;46.1222789461906;21.558282208589;6.02;211.46;219.93
69194;7405;6650;3157.0;2786.0;2942.0;2545.0;125.0;194.0;8.34;887.89;797.36
69196;603;616;301.749274434723;298.764119601108;261.498238586263;251.999999999779;13.0815866507492;15.2491694352159;14.62;41.24;42.13
69197;2236;2191;988.896785089763;926.924037460984;894.18699398922;852.000000000006;68.2317849864133;43.5369406867846;9.66;231.47;226.81
69198;783;743;363.728972101842;348.268421052633;316.470265634181;297.000000000001;29.7935323383082;38.2;6.96;112.5;106.75
69199;19549;18566;8168.32639985014;7852.02110213727;7673.76843683545;7292.74574040515;434.42538762459;522.28049163187;6.06;3225.91;3063.7
69200;1538;1493;751.0;712.0;653.0;618.0;62.0;64.0;22.27;69.06;67.04
69201;1292;1286;769.964053104515;744.198709677364;663.693989410247;666.999999999945;90.2292993630576;60.1548387096774;1.54;838.96;835.06
69202;21893;21995;10788.1474102924;10324.8094141184;10033.1258955015;9620.3660567108;579.80023704497;552.486177576907;6.83;3205.42;3220.35
69203;986;1052;499.568016020388;520.156677198631;447.424971540501;454.243752028563;20.6399551066217;36.6182917611489;10.65;92.58;98.78
69204;21329;21545;9821.79844274237;9335.61738295064;9278.28174569545;8807.2688691329;403.536541959057;439.969461176606;12.92;1650.85;1667.57
69205;5370;4879;2225.72281804488;2019.16518804223;2108.18356983952;1908.98762426456;93.6153304290533;92.8769545894367;3.74;1435.83;1304.55
69206;4533;4363;2165.83679446407;1968.75324675327;1915.57684111534;1772.00000000002;201.250712484601;160.42957042957;27.49;164.9;158.71
69207;3037;3135;1353.78796758673;1333.76845375432;1285.48366254382;1232.99999998587;57.9551679151885;72.7195027195027;5.43;559.3;577.35
69208;2252;2267;951.843105386593;884.920178569682;877.519964346891;793.920178569682;33.0325071287565;54.0;8.54;263.7;265.46
69209;581;588;413.571807795567;416.238935867845;257.251587384405;260.752992092744;53.1087928319971;46.4438533354196;27.35;21.24;21.5
69212;472;408;214.82358685535;166.786096257348;199.547384243053;157.000000000664;8.14730805989172;5.8716577540107;2.57;183.66;158.75
69214;1175;1220;546.996768524483;527.140625000003;485.325685939114;453.000000000003;46.5060622774909;49.765625;15.48;75.9;78.81
69215;936;842;429.979378937139;395.078388859715;373.636578556986;332.310834380296;17.8647903644389;31.8982653911801;6.89;135.85;122.21
69216;605;562;303.205805554167;293.372685185185;256.863319017932;243.0;25.8655738806895;32.9359864672365;13.28;45.56;42.32
69217;743;752;457.795238233697;453.557734204792;338.5505124953;324.999999999999;31.3270042194093;38.1655773420479;17.5;42.46;42.97
69218;1051;1030;505.932909403324;487.492951640255;435.262121645808;417.302192564347;51.2107157663162;50.4187142657928;7.74;135.79;133.07
69219;2120;2134;961.49994997603;922.048140043764;884.64862614711;848.0;50.560081466395;46.2800875273523;10.55;200.95;202.27
69220;1950;1857;963.473604000059;889.198246274653;861.38458768668;787.141671351106;54.7281324566569;74.2229635807617;17.25;113.04;107.65
69225;568;509;256.601784962571;235.837096153285;232.339269134411;213.772939946869;5.30742533741004;5.51603905160391;11.88;47.81;42.85
69227;3917;3886;1916.5439342947;1798.27067709473;1696.39905094315;1600.2416152652;150.098784103327;115.671180975193;38.64;101.37;100.57
69228;4274;4174;1952.0;1800.46896551724;1772.0;1615.46896551724;132.0;116.0;34.87;122.57;119.7
69229;776;792;475.0;479.0;330.0;328.0;52.0;57.0;24.23;32.03;32.69
69230;330;332;164.481251450559;161.031411157993;137.605427341202;135.259259259259;12.940211608209;9.91236611489776;7.5;44.0;44.27
69231;2586;2636;1179.39417631487;1139.62717770036;1069.85519894689;1049.00000000001;91.2824811399831;74.5156794425087;7.53;343.43;350.07
69233;1241;1200;528.716122111365;508.403543307491;495.349455444699;467.000000000404;27.3;35.3444881889764;2.62;473.66;458.02
69234;1703;1558;782.0;736.0;685.0;626.0;49.0;56.0;17.02;100.06;91.54
69235;1990;1844;987.413073008515;905.396516241694;908.91229308029;814.387137578154;67.1617783830372;82.0366230206562;13.39;148.62;137.71
69236;598;581;252.942624465712;252.318725074008;240.896647454218;231.999999974406;9.03448275862067;14.2231075697211;4.05;147.65;143.46
69238;3749;3654;1995.71556610578;1906.45325210119;1761.63248657955;1646.95096899617;196.401413065908;234.096465178657;4.07;921.13;897.79
69239;1147;1176;578.0;561.0;490.0;468.0;46.0;46.0;17.58;65.24;66.89
69240;627;644;441.60280675541;455.535780714635;314.710961473321;305.644444444444;31.1664181394605;63.5301027900147;13.87;45.21;46.43
69241;2657;2530;1117.4048287005;1022.77253179295;1033.00014223877;961.819267188143;50.6428118770328;31.578197325384;8.09;328.43;312.73
69242;908;972;383.516888371796;366.064343138576;362.67961598361;341.999999975037;13.5442270523209;16.0428954423592;7.64;118.85;127.23
69243;10881;10532;5711.83822949229;5544.51717039433;4919.47594254093;4893.72867327673;739.066508357423;591.907776746851;13.99;777.77;752.82
69244;22819;22356;11663.1674792776;11031.146332841;10713.2775932834;10151.7921451406;603.407247680698;646.68676502846;7.79;2929.27;2869.83
69245;747;670;378.4983312596;341.175953072091;311.719417660557;280.999999992912;33.9194481772916;32.0938416422287;10.75;69.49;62.33
69246;1293;1205;599.740769254871;554.762498286733;514.725770901294;464.086838814311;33.8011439237113;37.3370362533503;11.89;108.75;101.35
69248;5794;6036;3460.0;3453.0;2539.0;2513.0;784.0;777.0;44.44;130.38;135.82
69249;3268;3032;1520.77706715243;1364.41971900804;1381.40524533184;1234.34419817471;101.270172689781;93.8890977443609;19.36;168.8;156.61
69250;4460;4061;2080.90654262809;1878.31088743422;1882.40634468512;1737.0068205395;151.032759304431;102.500359405494;8.43;529.06;481.73
69252;723;731;300.931745237467;292.00151297862;286.062524042588;269.785617367707;8.67371236367945;15.5511269276394;7.56;95.63;96.69
69253;650;617;289.106998762726;265.383693045564;257.14637367292;241.0;25.3480819677772;19.8117505995204;8.26;78.69;74.7
69254;994;932;479.128056085967;455.115612716785;397.372660485103;366.306402190469;47.6044075650596;50.6005966952264;18.25;54.47;51.07
69255;6198;5571;2664.13576836432;2398.44467474345;2420.1361704543;2159.11134141012;173.093731850699;166.536111111111;25.02;247.72;222.66
69256;52448;48497;20782.3435870754;18785.039871399;19213.2759531945;17154.8328683961;1424.29401793511;1541.45503542249;20.95;2503.48;2314.89
69257;1153;1087;541.0;500.0;475.0;425.0;34.0;50.0;17.74;64.99;61.27
69258;315;322;200.0;200.0;141.0;133.0;22.0;33.0;19.19;16.41;16.78
69259;66701;65405;30188.1188857192;27403.8771612225;27298.8175710949;25548.9298344822;2523.95856115266;1617.34426052091;15.33;4351.01;4266.47
69260;5175;4872;2150.73775033771;1906.36359801844;2009.26785234226;1795.99604639602;123.184673084476;90.7862118184413;4.03;1284.12;1208.93
69261;117;104;33.5285851075764;32.5494374201528;23.5268307216115;25.1049929757084;2.72775119617225;0.0;5.59;20.93;18.6
69263;908;889;470.147248984791;445.257927301862;382.1722513714;348.35107587769;50.2714272076517;48.9744302896355;14.15;64.17;62.83
69264;36224;37266;19833.3570452504;19141.275260093;17458.858510644;16893.899102496;1991.71878889139;2005.0893238082;9.48;3821.1;3931.01
69265;820;814;391.203636773382;382.953008264575;342.675798112929;327.215880893301;17.646486785619;14.6676650977036;10.11;81.11;80.51
69266;162207;149019;91641.3155325484;82777.7687329061;81234.7210174089;72773.6891112079;7197.91696196286;7421.36184142328;14.52;11171.28;10263.02
69267;2132;2109;1050.28832004562;967.109821380104;881.811869362004;825.999999951533;122.805123691071;90.3508928571429;18.74;113.77;112.54
69268;3353;3375;1474.57566251654;1411.18142223775;1388.90232534233;1323.62341698841;69.3087671521731;73.733057052079;5.6;598.75;602.68
69269;980;1038;517.327381975711;527.298275551614;432.27116172215;427.241092845896;48.2751520358049;53.9634243806121;10.75;91.16;96.56
69270;4519;4212;1934.0;1738.0;1782.0;1632.0;100.0;93.0;18.89;239.23;222.98
69271;11214;10234;4747.43676732576;4132.258698941;4553.7996840188;3965.0;168.720993245554;151.479576399395;11.57;969.23;884.53
69272;4524;4175;1902.80062526888;1699.97611669078;1811.38002234556;1627.84427589476;73.7262926800959;56.4887909848349;10.54;429.22;396.11
69273;11196;11209;4386.35905585958;4201.44138936828;4165.4448184309;4056.8750609891;178.590215376238;128.691691700889;11.88;942.42;943.52
69275;29905;27851;13763.8954842434;12454.8791808098;12827.3563271177;11771.00372654;825.05997383078;606.89389950894;17.01;1758.08;1637.33
69276;9727;9879;4509.92224036612;4011.02890173421;4197.5690674925;3661.00000000011;290.846888839698;307.601156069364;9.64;1009.02;1024.79
69277;13446;12624;5689.4832361346;5200.19144347483;5403.83717202906;4914.39537810323;202.732665425072;205.703733981582;23.84;564.01;529.53
69278;5632;5446;2436.69596933674;2292.55784753364;2293.90096103997;2156.00000000001;122.100079558111;120.005381165919;8.49;663.37;641.46
69279;6109;5838;2495.09010009391;2233.94893809298;2392.89555870107;2148.99999999989;70.1942304516481;67.7568910980569;12.11;504.46;482.08
69280;1594;1467;642.19147535791;517.728323699423;584.205578525669;496.000000000001;32.2143871290227;14.485549132948;7.41;215.11;197.98
69281;1979;1649;830.0;671.0;768.0;637.0;47.0;21.0;12.44;159.08;132.56
69282;36437;32996;15355.3235721482;13503.0363352419;14504.2439193854;12638.9849689103;627.961277497273;671.480280511122;23.01;1583.53;1433.99
69283;13716;13244;5594.54959589705;5117.16086966987;5390.27162684027;4949.7174559355;182.702402862119;159.857631043648;11.57;1185.48;1144.68
69284;3270;3087;1318.11390648557;1172.02938557426;1264.06309472261;1126.99999999991;51.9719343874542;41.8878005342832;7.16;456.7;431.15
69285;4145;4063;1613.63870304946;1547.63850188462;1527.99750398814;1478.41030928169;60.6224218074495;56.8026195716356;13.04;317.87;311.58
69286;31479;29885;13395.9992031574;12338.4953703768;12299.9567945154;11691.5147826439;1016.26559242067;594.978009465985;14.48;2173.96;2063.88
69287;6988;6827;2815.03410154747;2622.27342888646;2676.13057981056;2529.00000000002;119.354137196163;75.2205071664829;16.34;427.66;417.81
69288;5651;5380;2510.41413090415;2220.07083876574;2356.16762239389;2106.99999999999;139.353742171335;100.956106040852;18.63;303.33;288.78
69289;4588;4521;1955.72515086695;1857.13045822101;1844.04911693475;1735.99999999999;85.5176836417784;94.1013477088949;29.28;156.69;154.41
69290;49193;45844;22752.1026267032;19863.0029529454;20626.1003298573;18526.3817326437;1790.59674266604;1237.03134258467;29.71;1655.77;1543.05
69291;6076;5706;2719.23295728649;2515.06186221393;2546.27780421808;2296.13724051969;134.657940603256;198.935851887378;13.37;454.45;426.78
69292;7039;5926;3457.0;2869.0;3254.0;2612.0;174.0;228.0;1.96;3591.33;3023.47
69293;2418;2346;939.815448124757;880.40107891376;897.872306124252;853.453374322942;31.2517528631219;23.2049678420936;5.15;469.51;455.53
69294;3057;2626;1399.70178101806;1148.85259773579;1291.94726831068;1092.95227524972;101.289241944943;51.4282966871885;3.97;770.03;661.46
69295;1886;1769;806.354136727605;709.613050786046;774.173648382375;678.507174392936;28.8514723095164;28.5837783071826;10.45;180.48;169.28
69296;3131;2916;1307.0;1198.0;1230.0;1118.0;70.0;72.0;8.1;386.54;360.0
69297;5582;5437;2356.39342050609;2167.38141019516;2211.93273988842;2047.99999993875;128.067979270985;97.3108974358974;8.06;692.56;674.57
69298;3186;2959;1251.72211408654;1123.55071838525;1190.40558642521;1071.44633425164;54.9103232788003;45.5913361169102;5.02;634.66;589.44
69299;2859;2602;1137.80621001677;1008.33196300102;1072.67054130991;952.999999999993;54.6299156896272;43.0359712230216;27.62;103.51;94.21
69381;29040;29575;19049.2529258061;18164.2781226535;16420.3187899008;15992.9635330574;1670.32749970942;1465.53986543569;1.51;19231.79;19586.09
69382;29880;30435;22226.256757681;19820.744838693;16366.3291353743;16599.1043139922;3240.39642190201;1896.9899416609;3.41;8762.46;8925.22
69383;101523;101992;62380.8637007783;60477.5126347126;53889.8706125314;52377.7277885749;4144.49601157023;4837.75651126162;6.35;15987.87;16061.73
69384;35232;36080;20937.5959357822;20247.5300970658;17983.5559877878;17884.1891483822;2027.19856794156;1692.48924840003;2.93;12024.57;12313.99
69385;48277;48929;26179.4459502201;25255.9113725736;23389.8929383156;23026.5102005369;1889.36034654371;1592.76596340447;6.23;7749.12;7853.77
69386;50718;51416;31955.0427759741;31044.5817785949;26122.5150595643;26754.7606381361;3716.52428990225;2790.02020731015;3.77;13453.05;13638.2
69387;87491;82045;55475.6846794796;50048.9978342219;47285.3813040199;43941.053514269;4616.26668818284;3778.64188760994;9.75;8973.44;8414.87
69388;84956;84517;49497.4030997847;46595.9762872824;43931.1686603375;41877.2096537883;3887.02845909064;3616.30576546096;6.67;12737.03;12671.21
69389;53657;50706;30910.840291931;27633.0847730602;26213.3573618228;23631.111867439;3269.46310415065;2787.80506577156;7.25;7400.97;6993.93
